player_name,probability
Giannis Antetokounmpo,0.4692271552422925
Nikola Jokic,0.46686264400884236
Shai Gilgeous-Alexander,0.4498695681375535
Luka Doncic,0.41876872641818064
Jalen Duren,0.016774678
Cade Cunningham,0.014913471539906496
Austin Reaves,0.012971578802286924
Tyrese Maxey,0.008281289
Isaiah Hartenstein,0
Alperen Sengun,0